Workbook

Sheet Sheet1
C8: 14 | D8: 42 | E8: 18 | F8: =SUM(C8:E8) -> 74
C9: 12 | D9: 28 | E9: 7 | F9: =SUM(C9:E9) -> 47
C10: =SUM(C8:C9) -> 26 | D10: =SUM(D8:D9) -> 70 | E10: =SUM(E8:E9) -> 25 | F10: =SUM(F8:F9) -> 121 | K10: Test of Independence (Chi-Square)
K11: Alpha | L11: 0.01
K12: df | L12: =(COLUMNS(Sheet1!$C$8:$E$9) - 1) * (ROWS(Sheet1!$C$8:$E$9) - 1) -> 2
C13: =$F8*C$10/$F$10 -> 15.900826 | D13: =$F8*D$10/$F$10 -> 42.809917 | E13: =$F8*E$10/$F$10 -> 15.289256 | K13: P-value | L13: =CHITEST(Sheet1!$C$8:$E$9, MMULT(MMULT(Sheet1!$C$8:$E$9,TRANSPOSE(IF(COLUMN(Sheet1!$C$8:$E$9),TRUE()))),MMULT(TRANSPOSE(IF(ROW(Sheet1!$C$8:$E$9),TRUE())),Sheet1!$C$8:$E$9)) / SUM(Sheet1!$C$8:$E$9)) -> 0.39420812
C14: =$F9*C$10/$F$10 -> 10.099174 | D14: =$F9*D$10/$F$10 -> 27.190083 | E14: =$F9*E$10/$F$10 -> 9.7107438 | K14: Test Statistic | L14: =CHIINV(Sheet1!$L$13, Sheet1!$L$12) -> 1.8617526
K15: Critical Value | L15: =CHIINV(Sheet1!$L$11, Sheet1!$L$12) -> 9.2103404
C17: =(C13-C8)^2/C13 -> 0.22722977 | D17: =(D13-D8)^2/D13 -> 0.015322761 | E17: =(E13-E8)^2/E13 -> 0.48060755 | L17: =_xlfn.CHISQ.TEST($C$8:$E$9,$C$13:$E$14) -> 0.39420812
C18: =(C14-C9)^2/C14 -> 0.35776603 | D18: =(D14-D9)^2/D14 -> 0.024125198 | E18: =(E14-E9)^2/E14 -> 0.75670125 | L18: =_xlfn.CHISQ.INV(0.394208123,2) -> 1.0024376
F19: =SUM(C17:E18) -> 1.8617526 | L19: =CHIINV(0.394208123,2) -> 1.8617526
L20: =_xlfn.CHISQ.INV.RT(0.394208123,2) -> 1.8617526
G24: 5.99 | H24: =_xlfn.CHISQ.INV(0.95,2) -> 5.9914645 | I24: =_xlfn.CHISQ.INV.RT(0.05,2) -> 5.9914645 | L24: =_xlfn.CHISQ.TEST($C$8:$E$9,$C$13:$E$14) -> 0.39420812
G25: 9.21 | H25: =_xlfn.CHISQ.INV(0.99,2) -> 9.2103404 | I25: =_xlfn.CHISQ.INV.RT(0.01, 2) -> 9.2103404

Sheet Sheet2
D7: 14 | E7: 42 | F7: 18
D8: 12 | E8: 28 | F8: 7 | J8: Test of Independence (Chi-Square)
J9: Alpha | K9: 0.05
J10: df | K10: =(COLUMNS(Sheet2!$D$7:$F$8) - 1) * (ROWS(Sheet2!$D$7:$F$8) - 1) -> 2
J11: P-value | K11: =CHITEST(Sheet2!$D$7:$F$8, MMULT(MMULT(Sheet2!$D$7:$F$8,TRANSPOSE(IF(COLUMN(Sheet2!$D$7:$F$8),TRUE()))),MMULT(TRANSPOSE(IF(ROW(Sheet2!$D$7:$F$8),TRUE())),Sheet2!$D$7:$F$8)) / SUM(Sheet2!$D$7:$F$8)) -> 0.39420812
J12: Test Statistic | K12: =CHIINV(Sheet2!$K$11, Sheet2!$K$10) -> 1.8617526
E13: Test of Independence (Chi-Square) | J13: Critical Value | K13: =CHIINV(Sheet2!$K$9, Sheet2!$K$10) -> 5.9914645
E14: Alpha | F14: 0.05
E15: df | F15: =(COLUMNS(Sheet2!$D$7:$F$8) - 1) * (ROWS(Sheet2!$D$7:$F$8) - 1) -> 2
E16: P-value | F16: =CHITEST(Sheet2!$D$7:$F$8, MMULT(MMULT(Sheet2!$D$7:$F$8,TRANSPOSE(IF(COLUMN(Sheet2!$D$7:$F$8),TRUE()))),MMULT(TRANSPOSE(IF(ROW(Sheet2!$D$7:$F$8),TRUE())),Sheet2!$D$7:$F$8)) / SUM(Sheet2!$D$7:$F$8)) -> 0.39420812
E17: Test Statistic | F17: =CHIINV(Sheet2!$F$16, Sheet2!$F$15) -> 1.8617526
E18: Critical Value | F18: =CHIINV(Sheet2!$F$14, Sheet2!$F$15) -> 5.9914645

Sheet Sheet3
E12: 14 | F12: 42 | G12: 18 | H12: =SUM(E12:G12) -> 74
E13: 12 | F13: 28 | G13: 7 | H13: =SUM(E13:G13) -> 47
E14: =SUM(E12:E13) -> 26 | F14: =SUM(F12:F13) -> 70 | G14: =SUM(G12:G13) -> 25 | H14: =SUM(H12:H13) -> 121
E16: =$H12*E$14/$H$14 -> 15.900826 | F16: =$H12*F$14/$H$14 -> 42.809917 | G16: =$H12*G$14/$H$14 -> 15.289256
E17: =$H13*E$14/$H$14 -> 10.099174 | F17: =$H13*F$14/$H$14 -> 27.190083 | G17: =$H13*G$14/$H$14 -> 9.7107438
E20: =(E12-E16)^2/E16 -> 0.22722977 | F20: =(F12-F16)^2/F16 -> 0.015322761 | G20: =(G12-G16)^2/G16 -> 0.48060755
E21: =(E13-E17)^2/E17 -> 0.35776603 | F21: =(F13-F17)^2/F17 -> 0.024125198 | G21: =(G13-G17)^2/G17 -> 0.75670125
H22: =SUM(E20:G21) -> 1.8617526
